url_path,views_total,views_unique
/harfang3d/dogfight-sandbox-hg2,166,107
/harfang3d/dogfight-sandbox-hg2/tree/main/Agent,33,8
/harfang3d/dogfight-sandbox-hg2/tree/main/source,29,8
/harfang3d/dogfight-sandbox-hg2/blob/main/documentation_network.md,21,4
/harfang3d/dogfight-sandbox-hg2/issues,20,9
/harfang3d/dogfight-sandbox-hg2/releases,14,13
/harfang3d/dogfight-sandbox-hg2/blob/main/Agent/Train.py,12,1
/harfang3d/dogfight-sandbox-hg2/tree/main,10,6
/harfang3d/dogfight-sandbox-hg2/tree/main/screenshots,9,3
/harfang3d/dogfight-sandbox-hg2/blob/main/network_client_example/client_sample.py,9,1
